Range To (consumption rate),Range From (consumption rate),Fuel consumption Kg/Km,IATA Code,Fuel Consumption kg,ICAO Code
463,231,5.948164147,142,2754,B462
926,463,4.183585313,142,3874,B462
1389,926,3.785457163,142,5258,B462
1852,1389,3.563714903,142,6600,B462
2778,1852,3.311375090,142,9199,B462
,2778,3.165496760,142,11725,B462
463,231,1.781857451,D38,825,D328
926,463,1.339092873,D38,1240,D328
,926,1.206623470,D38,1676,D328
463,231,5.332613391,AN7,2469,AN72
926,463,3.510799136,AN7,3251,AN72
1389,926,3.055435565,AN7,4244,AN72
1852,1389,2.798596112,AN7,5183,AN72
2778,1852,2.501439885,AN7,6949,AN72
3704,2778,2.326403888,AN7,8617,AN72
,3704,2.206479482,AN7,10216,AN72
463,231,7.730021598,LOE,3579,L188
926,463,5.809935205,LOE,5380,L188
1389,926,5.234701224,LOE,7271,L188
1852,1389,4.891468683,LOE,9059,L188
2778,1852,4.477321814,LOE,12438,L188
3704,2778,4.223542117,LOE,15644,L188
4630,3704,4.045572354,LOE,18731,L188
,4630,3.911087113,LOE,21730,L188
463,231,2.308855292,DH3,1069,DH8C
926,463,1.735421166,DH3,1607,DH8C
,926,1.563714903,DH3,2172,DH8C
463,231,2.887688985,AN4,1337,AN24
926,463,2.062634989,AN4,1910,AN24
,926,1.825773938,AN4,2536,AN24
463,231,10.213822894,75F,4729,B752
926,463,6.838012959,75F,6332,B752
1389,926,6.182865371,75F,8588,B752
1852,1389,5.806155508,75F,10753,B752
2778,1852,5.367530598,75F,14911,B752
3704,2778,5.106911447,75F,18916,B752
4630,3704,4.927861771,75F,22816,B752
5556,4630,4.794636429,75F,26639,B752
,5556,4.643319963,75F,30098,B752
463,231,6.207343413,AR1,2874,RJ1H
926,463,4.433045356,AR1,4105,RJ1H
1389,926,4.046796256,AR1,5621,RJ1H
1852,1389,3.833693305,AR1,7100,RJ1H
,1852,3.594672426,AR1,9986,RJ1H
463,231,6.915766739,73G,3202,B737
926,463,4.506479482,73G,4173,B737
1389,926,4.010079194,73G,5570,B737
1852,1389,3.723002160,73G,6895,B737
2778,1852,3.387329014,73G,9410,B737
3704,2778,3.186825054,73G,11804,B737
4630,3704,3.048164147,73G,14113,B737
5556,4630,2.944564435,73G,16360,B737
6482,5556,2.863005245,73G,18558,B737
,6482,2.796301296,73G,20715,B737
463,231,5.948164147,AR8,2754,RJ85
926,463,4.183585313,AR8,3874,RJ85
1389,926,3.785457163,AR8,5258,RJ85
1852,1389,3.563714903,AR8,6600,RJ85
2778,1852,3.311375090,AR8,9199,RJ85
,2778,3.165496760,AR8,11725,RJ85
463,231,0.898488121,DHT,416,DHC6
926,463,0.674946004,DHT,625,DHC6
,926,0.608351332,DHT,845,DHC6
463,231,14.192224622,AB6,6571,A306
926,463,9.983801296,AB6,9245,A306
1389,926,9.192944564,AB6,12769,A306
1852,1389,8.752159827,AB6,16209,A306
2778,1852,8.254859611,AB6,22932,A306
3704,2778,7.970302376,AB6,29522,A306
4630,3704,7.780993521,AB6,36026,A306
5556,4630,7.643448524,AB6,42467,A306
6482,5556,7.538105523,AB6,48862,A306
7408,6482,7.454103672,AB6,55220,A306
,7408,7.385289177,AB6,61549,A306
463,231,0.399568035,BH2,185,B429
463,231,0.399568035,BH2,185,B412
463,231,0.399568035,BH2,185,B212
926,463,0.291576674,BH2,270,B429
926,463,0.291576674,BH2,270,B412
926,463,0.291576674,BH2,270,B212
1389,926,0.258459323,BH2,359,B429
1389,926,0.258459323,BH2,359,B412
1389,926,0.258459323,BH2,359,B212
1852,1389,0.238660907,BH2,442,B429
1852,1389,0.238660907,BH2,442,B412
1852,1389,0.238660907,BH2,442,B212
,1852,0.215622750,BH2,599,B429
,1852,0.215622750,BH2,599,B412
,1852,0.215622750,BH2,599,B212
463,231,3.317494600,ERD,1536,E135
926,463,2.254859611,ERD,2088,E135
1389,926,2,ERD,2778,E135
1852,1389,1.855831533,ERD,3437,E135
2778,1852,1.690424766,ERD,4696,E135
,2778,1.593142549,ERD,5901,E135
463,231,1.600431965,CS5,741,CN35
926,463,1.203023758,CS5,1114,CN35
1389,926,1.083513319,CS5,1505,CN35
1852,1389,1.012419006,CS5,1875,CN35
2778,1852,0.926565875,CS5,2574,CN35
,2778,0.874190065,CS5,3238,CN35
463,231,17.833693305,TU5,8257,T154
926,463,10.969762419,TU5,10158,T154
1389,926,9.535637149,TU5,13245,T154
1852,1389,8.734341253,TU5,16176,T154
2778,1852,7.818574514,TU5,21720,T154
3704,2778,7.282127430,TU5,26973,T154
4630,3704,6.916414687,TU5,32023,T154
5556,4630,6.644888409,TU5,36919,T154
,5556,6.432273990,TU5,41694,T154
463,231,5.738660907,AR7,2657,RJ70
926,463,4.037796976,AR7,3739,RJ70
1389,926,3.652987761,AR7,5074,RJ70
1852,1389,3.438984881,AR7,6369,RJ70
2778,1852,3.195464363,AR7,8877,RJ70
,2778,3.054805616,AR7,11315,RJ70
463,231,7.408207343,320,3430,A320
926,463,4.951403888,320,4585,A320
1389,926,4.472282217,320,6212,A320
1852,1389,4.196544276,320,7772,A320
2778,1852,3.875449964,320,10766,A320
3704,2778,3.684665227,320,13648,A320
,3704,3.553347732,320,16452,A320
463,231,4.838012959,E75,2240,E75S/L
926,463,3.227861771,E75,2989,E75S/L
1389,926,2.845932325,E75,3953,E75S/L
1852,1389,2.640388769,E75,4890,E75S/L
,1852,2.420806335,E75,6725,E75S/L
463,231,1.814254860,LRJ,840,LJ60
463,231,1.814254860,LRJ,840,LJ35
926,463,1.193304536,LRJ,1105,LJ60
926,463,1.193304536,LRJ,1105,LJ35
1389,926,1.038876890,LRJ,1443,LJ60
1389,926,1.038876890,LRJ,1443,LJ35
1852,1389,0.951403888,LRJ,1762,LJ60
1852,1389,0.951403888,LRJ,1762,LJ35
,1852,0.850611951,LRJ,2363,LJ60
,1852,0.850611951,LRJ,2363,LJ35
463,231,3.250539957,ER3,1505,E135
463,231,3.250539957,ER3,1505,E35L
926,463,2.209503240,ER3,2046,E135
926,463,2.209503240,ER3,2046,E35L
1389,926,1.959683225,ER3,2722,E135
1389,926,1.959683225,ER3,2722,E35L
1852,1389,1.818574514,ER3,3368,E135
1852,1389,1.818574514,ER3,3368,E35L
,1852,1.656227502,ER3,4601,E135
,1852,1.656227502,ER3,4601,E35L
463,231,2.332613391,DH7,1080,DHC7
926,463,1.753779698,DH7,1624,DHC7
1389,926,1.580273578,DH7,2195,DHC7
,1389,1.476241901,DH7,2734,DHC7
463,231,2.399568035,A40,1111,A140
926,463,1.803455724,A40,1670,A140
1389,926,1.624910007,A40,2257,A140
1852,1389,1.518358531,A40,2812,A140
2778,1852,1.389848812,A40,3861,A140
,2778,1.311285097,A40,4857,A140
463,231,12.723542117,722,5891,B722
926,463,8.514038877,722,7884,B722
1389,926,7.694744420,722,10688,B722
1852,1389,7.224082073,722,13379,B722
2778,1852,6.675305976,722,18544,B722
3704,2778,6.349082073,722,23517,B722
4630,3704,6.125485961,722,28361,B722
,4630,5.958603312,722,33106,B722
463,231,7.265658747,D91,3364,DC91
926,463,4.860691145,D91,4501,DC91
1389,926,4.393088553,D91,6102,DC91
1852,1389,4.124730022,D91,7639,DC91
2778,1852,3.811375090,D91,10588,DC91
3704,2778,3.625,D91,13427,DC91
,3704,3.497408207,D91,16193,DC91
463,231,0.460043197,BNT,213,TRIS
926,463,0.371490281,BNT,344,TRIS
1389,926,0.331173506,BNT,460,TRIS
1852,1389,0.307775378,BNT,570,TRIS
2778,1852,0.279697624,BNT,777,TRIS
3704,2778,0.262688985,BNT,973,TRIS
,3704,0.250755940,BNT,1161,TRIS
463,231,1.332613391,BEH,617,B190
926,463,1.002159827,BEH,928,B190
1389,926,0.902807775,BEH,1254,B190
1852,1389,0.843412527,BEH,1562,B190
,1852,0.772138229,BEH,2145,B190
463,231,25.952483801,388,12016,A388
926,463,19.031317495,388,17623,A388
1389,926,17.955363571,388,24940,A388
1852,1389,17.392548596,388,32211,A388
2778,1852,16.808855292,388,46695,A388
3704,2778,16.511879050,388,61160,A388
4630,3704,16.336501080,388,75638,A388
5556,4630,16.224442045,388,90143,A388
6482,5556,16.149490898,388,104681,A388
7408,6482,16.098137149,388,119255,A388
8334,7408,16.062514999,388,133865,A388
9260,8334,16.038012959,388,148512,A388
10186,9260,16.021598272,388,163196,A388
11112,10186,16.011159107,388,177916,A388
12038,11112,15.992440605,388,192517,A388
12964,12038,15.694615859,388,203465,A388
13890,12964,15.418718503,388,214166,A388
,13890,15.161447084,388,224632,A388
463,231,2.133909287,F50,988,F50
926,463,1.603671706,F50,1485,F50
1389,926,1.444924406,F50,2007,F50
1852,1389,1.349892009,F50,2500,F50
,1852,1.235421166,F50,3432,F50
463,231,17.732181425,77X,8210,B77L
926,463,12.335853132,77X,11423,B77L
1389,926,11.285097192,77X,15675,B77L
1852,1389,10.694924406,77X,19807,B77L
2778,1852,10.022318215,77X,27842,B77L
3704,2778,9.632559395,77X,35679,B77L
4630,3704,9.369978402,77X,43383,B77L
5556,4630,9.177645788,77X,50991,B77L
6482,5556,9.028849121,77X,58525,B77L
7408,6482,8.909152268,77X,65999,B77L
8334,7408,8.810295176,77X,73425,B77L
9260,8334,8.726673866,77X,80809,B77L
10186,9260,8.654820342,77X,88158,B77L
11112,10186,8.525197984,77X,94732,B77L
12038,11112,8.374730022,77X,100815,B77L
12964,12038,8.237503857,77X,106791,B77L
13890,12964,8.111231102,77X,112665,B77L
14816,13890,7.994330454,77X,118444,B77L
,14816,7.885465633,77X,124133,B77L
463,231,1.840172786,CWC,852,C46
926,463,1.487041037,CWC,1377,C46
1389,926,1.326133909,CWC,1842,C46
1852,1389,1.231101512,CWC,2280,C46
,1852,1.118430526,CWC,3107,C46
463,231,6.207343413,143,2874,B463
926,463,4.433045356,143,4105,B463
1389,926,4.046796256,143,5621,B463
1852,1389,3.833693305,143,7100,B463
,1852,3.594672426,143,9986,B463
463,231,23.384449244,743,10827,B743
926,463,17.149028078,743,15880,B743
1389,926,16.179265659,743,22473,B743
1852,1389,15.671706263,743,29024,B743
2778,1852,15.145428366,743,42074,B743
3704,2778,14.877969762,743,55108,B743
4630,3704,14.720086393,743,68154,B743
5556,4630,14.619150468,743,81224,B743
6482,5556,14.551527306,743,94323,B743
7408,6482,14.505264579,743,107455,B743
8334,7408,14.473242141,743,120620,B743
9260,8334,14.451187905,743,133818,B743
10186,9260,14.436383271,743,147049,B743
11112,10186,14.426925846,743,160312,B743
12038,11112,14.421664728,743,173608,B743
12964,12038,14.419469300,743,186934,B743
,12964,14.419798416,743,200291,B743
463,231,7.946004320,M87,3679,MD87
926,463,5.428725702,M87,5027,MD87
1389,926,4.966162707,M87,6898,MD87
1852,1389,4.703023758,M87,8710,MD87
2778,1852,4.398848092,M87,12220,MD87
3704,2778,4.220302376,M87,15632,MD87
4630,3704,4.098704104,M87,18977,MD87
5556,4630,4.009179266,M87,22275,MD87
,5556,3.939216291,M87,25534,MD87
463,231,0.555075594,MBH,257,B105
926,463,0.404967603,MBH,375,B105
1389,926,0.357811375,MBH,497,B105
1852,1389,0.330993521,MBH,613,B105
,1852,0.299136069,MBH,831,B105
463,231,1.008639309,ND2,467,N262
926,463,0.758099352,ND2,702,N262
1389,926,0.682505400,ND2,948,N262
1852,1389,0.637688985,ND2,1181,N262
,1852,0.583873290,ND2,1622,N262
463,231,18.254859611,343,8452,A343
926,463,11.937365011,343,11054,A343
1389,926,10.574514039,343,14688,A343
1852,1389,9.822894168,343,18192,A343
2778,1852,8.998920086,343,24999,A343
3704,2778,8.555885529,343,31691,A343
4630,3704,8.285745140,343,38363,A343
5556,4630,8.111231102,343,45066,A343
6482,5556,7.996143166,343,51831,A343
7408,6482,7.920896328,343,58678,A343
8334,7408,7.873890089,343,65621,A343
9260,8334,7.847300216,343,72666,A343
10186,9260,7.772334577,343,79169,A343
11112,10186,7.711213103,343,85687,A343
12038,11112,7.394833029,343,89019,A343
,12038,7.095186671,343,91982,A343
463,231,18.481641469,703,8557,B703
926,463,11.849892009,703,10973,B703
1389,926,10.439164867,703,14500,B703
1852,1389,9.622030238,703,17820,B703
2778,1852,8.656947444,703,24049,B703
3704,2778,8.073974082,703,29906,B703
4630,3704,7.667602592,703,35501,B703
5556,4630,7.360331174,703,40894,B703
6482,5556,7.115396483,703,46122,B703
7408,6482,6.913066955,703,51212,B703
8334,7408,6.741180706,703,56181,B703
,8334,6.592224622,703,61044,B703
463,231,1.252699784,NDC,580,S601
926,463,0.825053996,NDC,764,S601
1389,926,0.717782577,NDC,997,S601
,1389,0.657667387,NDC,1218,S601
463,231,8.641468683,M81,4001,MD81
926,463,5.903887689,M81,5467,MD81
1389,926,5.401727862,M81,7503,MD81
1852,1389,5.115010799,M81,9473,MD81
2778,1852,4.784377250,M81,13291,MD81
3704,2778,4.590172786,M81,17002,MD81
4630,3704,4.458099352,M81,20641,MD81
5556,4630,4.360511159,M81,24227,MD81
,5556,4.284480099,M81,27772,MD81
463,231,6.399568035,L49,2963,CONI
926,463,5.171706263,L49,4789,CONI
1389,926,4.611231102,L49,6405,CONI
1852,1389,4.282397408,L49,7931,CONI
2778,1852,3.890568754,L49,10808,CONI
3704,2778,3.653617711,L49,13533,CONI
4630,3704,3.488552916,L49,16152,CONI
5556,4630,3.364470842,L49,18693,CONI
,5556,3.266275841,L49,21172,CONI
463,231,5.933045356,E95,2747,E195
926,463,3.970842333,E95,3677,E195
1389,926,3.514038877,E95,4881,E195
1852,1389,3.270518359,E95,6057,E195
2778,1852,3.017638589,E95,8383,E195
,2778,2.893628510,E95,10718,E195
,231,0.939524838,S76,435,S76
463,231,12.587473002,312,5828,A310
926,463,8.855291577,312,8200,A310
1389,926,8.153347732,312,11325,A310
1852,1389,7.762958963,312,14377,A310
2778,1852,7.321814255,312,20340,A310
3704,2778,7.069384449,312,26185,A310
4630,3704,6.901511879,312,31954,A310
5556,4630,6.779517639,312,37667,A310
6482,5556,6.686053687,312,43339,A310
,6482,6.611636069,312,48979,A310
463,231,1.053995680,CS2,488,C212
926,463,0.791576674,CS2,733,C212
1389,926,0.713462923,CS2,991,C212
1852,1389,0.666306695,CS2,1234,C212
,1852,0.610151188,CS2,1695,C212
463,231,1.265658747,SH3,586,SH33
926,463,0.952483801,SH3,882,SH33
,926,0.857451404,SH3,1191,SH33
463,231,2.719222462,YK4,1259,YK40
926,463,1.790496760,YK4,1658,YK40
,926,1.558675306,YK4,2165,YK40
463,231,17.427645788,77L,8069,B77L
926,463,12.125269978,77L,11228,B77L
1389,926,11.092872570,77L,15408,B77L
1852,1389,10.512419006,77L,19469,B77L
2778,1852,9.851331893,77L,27367,B77L
3704,2778,9.467872570,77L,35069,B77L
4630,3704,9.209935205,77L,42642,B77L
5556,4630,9.020878330,77L,50120,B77L
6482,5556,8.874575748,77L,57525,B77L
7408,6482,8.757019438,77L,64872,B77L
8334,7408,8.659827214,77L,72171,B77L
9260,8334,8.577645788,77L,79429,B77L
10186,9260,8.507068525,77L,86653,B77L
11112,10186,8.445464363,77L,93846,B77L
12038,11112,8.348230603,77L,100496,B77L
12964,12038,8.211277384,77L,106451,B77L
13890,12964,8.085385169,77L,112306,B77L
14816,13890,7.968817495,77L,118066,B77L
,14816,7.860182950,77L,123735,B77L
463,231,11.915766739,788,5517,B788
926,463,8.323974082,788,7708,B788
1389,926,7.633549316,788,10603,B788
1852,1389,7.246760259,788,13421,B788
2778,1852,6.807415407,788,18911,B788
3704,2778,6.553995680,788,24276,B788
4630,3704,6.383801296,788,29557,B788
5556,4630,6.259719222,788,34779,B788
6482,5556,6.163838322,788,39954,B788
7408,6482,6.087068035,788,45093,B788
8334,7408,6.023758099,788,50202,B788
9260,8334,5.970410367,788,55286,B788
10186,9260,5.924602395,788,60348,B788
11112,10186,5.884809215,788,65392,B788
12038,11112,5.849725868,788,70419,B788
12964,12038,5.818651651,788,75433,B788
13890,12964,5.847444204,788,81221,B788
,13890,5.699176566,788,84439,B788
463,231,1.939524838,WWP,898,WW24
926,463,1.276457883,WWP,1182,WW24
1389,926,1.110871130,WWP,1543,WW24
1852,1389,1.017278618,WWP,1884,WW24
,1852,0.909287257,WWP,2526,WW24
463,231,5.838012959,100,2703,F100
926,463,4.090712743,100,3788,F100
1389,926,3.692584593,100,5129,F100
1852,1389,3.470302376,100,6427,F100
2778,1852,3.217062635,100,8937,F100
3704,2778,3.070464363,100,11373,F100
4630,3704,2.971274298,100,13757,F100
,4630,2.898488121,100,16104,F100
463,231,2.954643629,S20,1368,SB20
926,463,2.150107991,S20,1991,SB20
1389,926,1.873290137,S20,2602,SB20
1852,1389,1.691144708,S20,3132,SB20
,1852,1.439164867,S20,3998,SB20
463,231,0.200863931,PN6,93,P68
926,463,0.161987041,PN6,150,P68
1389,926,0.143988481,PN6,200,P68
1852,1389,0.133909287,PN6,248,P68
,1852,0.121670266,PN6,338,P68
463,231,6.514038877,318,3016,A318
926,463,4.238660907,318,3925,A318
1389,926,3.768178546,318,5234,A318
1852,1389,3.5,318,6482,A318
2778,1852,3.214902808,318,8931,A318
3704,2778,3.060205184,318,11335,A318
4630,3704,2.965226782,318,13729,A318
,4630,2.903167747,318,16130,A318
463,231,0.667386609,GRM,309,G73T
926,463,0.538876890,GRM,499,G73T
1389,926,0.480201584,GRM,667,G73T
1852,1389,0.446004320,GRM,826,G73T
,1852,0.405327574,GRM,1126,G73T
463,231,2.399568035,GRS,1111,G159
926,463,1.803455724,GRS,1670,G159
1389,926,1.624910007,GRS,2257,G159
1852,1389,1.518358531,GRS,2812,G159
2778,1852,1.389848812,GRS,3861,G159
,2778,1.311285097,GRS,4857,G159
463,231,23.384449244,74D,10827,B743
926,463,17.149028078,74D,15880,B743
1389,926,16.179265659,74D,22473,B743
1852,1389,15.671706263,74D,29024,B743
2778,1852,15.145428366,74D,42074,B743
3704,2778,14.877969762,74D,55108,B743
4630,3704,14.720086393,74D,68154,B743
5556,4630,14.619150468,74D,81224,B743
6482,5556,14.551527306,74D,94323,B743
7408,6482,14.505264579,74D,107455,B743
8334,7408,14.473242141,74D,120620,B743
9260,8334,14.451187905,74D,133818,B743
10186,9260,14.436383271,74D,147049,B743
11112,10186,14.426925846,74D,160312,B743
12038,11112,14.421664728,74D,173608,B743
12964,12038,14.419469300,74D,186934,B743
,12964,14.419798416,74D,200291,B743
463,231,20.952483801,D1C,9701,DC10
926,463,14.638228942,D1C,13555,DC10
1389,926,13.424046076,D1C,18646,DC10
1852,1389,12.743520518,D1C,23601,DC10
2778,1852,11.971202304,D1C,33256,DC10
3704,2778,11.525377970,D1C,42690,DC10
4630,3704,11.226349892,D1C,51978,DC10
5556,4630,11.007919366,D1C,61160,DC10
6482,5556,10.839401419,D1C,70261,DC10
7408,6482,10.704373650,D1C,79298,DC10
8334,7408,10.592992561,D1C,88282,DC10
9260,8334,10.499136069,D1C,97222,DC10
10186,9260,10.418613784,D1C,106124,DC10
11112,10186,10.348632109,D1C,114994,DC10
12038,11112,10.287007809,D1C,123835,DC10
12964,12038,10.232258562,D1C,132651,DC10
,12964,10.183225342,D1C,141445,DC10
463,231,19.904967603,D11,9216,DC10
926,463,13.906047516,D11,12877,DC10
1389,926,12.752339813,D11,17713,DC10
1852,1389,12.106371490,D11,22421,DC10
2778,1852,11.372570194,D11,31593,DC10
3704,2778,10.948974082,D11,40555,DC10
4630,3704,10.665010799,D11,49379,DC10
5556,4630,10.457523398,D11,58102,DC10
6482,5556,10.297439062,D11,66748,DC10
7408,6482,10.169141469,D11,75333,DC10
8334,7408,10.063354932,D11,83868,DC10
9260,8334,9.974190065,D11,92361,DC10
10186,9260,9.897702729,D11,100818,DC10
11112,10186,9.831173506,D11,109244,DC10
12038,11112,9.772636651,D11,117643,DC10
12964,12038,9.720688059,D11,126019,DC10
,12964,9.674010079,D11,134372,DC10
463,231,7.520518359,734,3482,B734
926,463,5.083153348,734,4707,B734
1389,926,4.621310295,734,6419,B734
1852,1389,4.356911447,734,8069,B734
2778,1852,4.049676026,734,11250,B734
3704,2778,3.868250540,734,14328,B734
4630,3704,3.744060475,734,17335,B734
5556,4630,3.651727862,734,20289,B734
6482,5556,3.579605060,734,23203,B734
,6482,3.521058315,734,26084,B734
463,231,1.896328294,AT5,878,AT45
926,463,1.508639309,AT5,1397,AT45
1389,926,1.434845212,AT5,1993,AT45
1852,1389,1.410367171,AT5,2612,AT45
,1852,1.419006479,AT5,3942,AT45
463,231,99.796976242,SSC,46206,CONC
926,463,64.058315335,SSC,59318,CONC
1389,926,56.501079914,SSC,78480,CONC
1852,1389,52.137688985,SSC,96559,CONC
2778,1852,47.019438445,SSC,130620,CONC
3704,2778,43.957883369,SSC,162820,CONC
4630,3704,41.844492441,SSC,193740,CONC
5556,4630,40.262778978,SSC,223700,CONC
,5556,39.015890157,SSC,252901,CONC
463,231,18.719222462,77W,8667,B77W
926,463,13.113390929,77W,12143,B77W
1389,926,12.045356371,77W,16731,B77W
1852,1389,11.448164147,77W,21202,B77W
2778,1852,10.771778258,77W,29924,B77W
3704,2778,10.382559395,77W,38457,B77W
4630,3704,10.122030238,77W,46865,B77W
5556,4630,9.932325414,77W,55184,B77W
6482,5556,9.786485653,77W,63436,B77W
7408,6482,9.669681425,77W,71633,B77W
8334,7408,9.573554116,77W,79786,B77W
9260,8334,9.492764579,77W,87903,B77W
10186,9260,9.433438052,77W,96089,B77W
11112,10186,9.254679626,77W,102838,B77W
12038,11112,9.093287922,77W,109465,B77W
12964,12038,8.946158593,77W,115978,B77W
,12964,8.810943125,77W,122384,B77W
463,231,1.066954644,L4T,494,L410
926,463,0.801295896,L4T,742,L410
,926,0.722102232,L4T,1003,L410
463,231,7.038876890,319,3259,A319
926,463,4.668466523,319,4323,A319
1389,926,4.197264219,319,5830,A319
1852,1389,3.926025918,319,7271,A319
2778,1852,3.609071274,319,10026,A319
3704,2778,3.420086393,319,12668,A319
4630,3704,3.290064795,319,15233,A319
5556,4630,3.193124550,319,17741,A319
,5556,3.116784943,319,20203,A319
463,231,7.177105832,733,3323,B733
926,463,4.818574514,733,4462,B733
1389,926,4.363570914,733,6061,B733
1852,1389,4.102051836,733,7597,B733
2778,1852,3.798056156,733,10551,B733
3704,2778,3.617710583,733,13400,B733
4630,3704,3.493736501,733,16176,B733
5556,4630,3.401727862,733,18900,B733
6482,5556,3.329527923,733,21582,B733
,6482,3.270653348,733,24229,B733
463,231,1.349892009,EM2,625,E120
926,463,1,EM2,926,E120
1389,926,0.887688985,EM2,1233,E120
1852,1389,0.817494600,EM2,1514,E120
,1852,0.725341973,EM2,2015,E120
463,231,7.863930886,739,3641,B739
926,463,5.225701944,739,4839,B739
1389,926,4.703383729,739,6533,B739
1852,1389,4.402807775,739,8154,B739
2778,1852,4.051475882,739,11255,B739
3704,2778,3.842602592,739,14233,B739
4630,3704,3.698704104,739,17125,B739
5556,4630,3.591432685,739,19954,B739
6482,5556,3.507096575,739,22733,B739
,6482,3.438309935,739,25471,B739
463,231,20.928725702,74Y,9690,B744
926,463,15.347732181,74Y,14212,B744
1389,926,14.480201584,74Y,20113,B744
1852,1389,14.026457883,74Y,25977,B744
2778,1852,13.555435565,74Y,37657,B744
3704,2778,13.316144708,74Y,49323,B744
4630,3704,13.174730022,74Y,60999,B744
5556,4630,13.084233261,74Y,72696,B744
6482,5556,13.023758099,74Y,84420,B744
7408,6482,12.982316415,74Y,96173,B744
8334,7408,12.953683705,74Y,107956,B744
9260,8334,12.933909287,74Y,119768,B744
10186,9260,12.920380915,74Y,131607,B744
11112,10186,12.625269978,74Y,140292,B744
12038,11112,12.355374647,74Y,148734,B744
12964,12038,12.106294354,74Y,156946,B744
,12964,11.874586033,74Y,164938,B744
463,231,8.477321814,321,3925,A321
926,463,5.691144708,321,5270,A321
1389,926,5.152627790,321,7157,A321
1852,1389,4.843412527,321,8970,A321
2778,1852,4.483801296,321,12456,A321
3704,2778,4.270518359,321,15818,A321
4630,3704,4.123974082,321,19094,A321
,4630,4.015118790,321,22308,A321
463,231,1.159827214,S58,537,S58T
926,463,0.846652268,S58,784,S58T
,926,0.748740101,S58,1040,S58T
463,231,0.898488121,YN2,416,Y12
926,463,0.674946004,YN2,625,Y12
1389,926,0.608351332,YN2,845,Y12
1852,1389,0.568574514,YN2,1053,Y12
,1852,0.520518359,YN2,1446,Y12
463,231,1.820734341,ATR,843,AT76
463,231,1.820734341,ATR,843,AT75
463,231,1.820734341,ATR,843,AT73
463,231,1.820734341,ATR,843,AT46
926,463,1.422246220,ATR,1317,AT76
926,463,1.422246220,ATR,1317,AT75
926,463,1.422246220,ATR,1317,AT73
926,463,1.422246220,ATR,1317,AT46
1389,926,1.331173506,ATR,1849,AT76
1389,926,1.331173506,ATR,1849,AT75
1389,926,1.331173506,ATR,1849,AT73
1389,926,1.331173506,ATR,1849,AT46
1852,1389,1.289956803,ATR,2389,AT76
1852,1389,1.289956803,ATR,2389,AT75
1852,1389,1.289956803,ATR,2389,AT73
1852,1389,1.289956803,ATR,2389,AT46
2778,1852,1.265658747,ATR,3516,AT76
2778,1852,1.265658747,ATR,3516,AT75
2778,1852,1.265658747,ATR,3516,AT73
2778,1852,1.265658747,ATR,3516,AT46
,2778,1.273758099,ATR,4718,AT76
,2778,1.273758099,ATR,4718,AT75
,2778,1.273758099,ATR,4718,AT73
,2778,1.273758099,ATR,4718,AT46
463,231,2.155507559,ATP,998,ATP
926,463,1.619870410,ATP,1500,ATP
1389,926,1.459323254,ATP,2027,ATP
1852,1389,1.363390929,ATP,2525,ATP
2778,1852,1.248020158,ATP,3467,ATP
,2778,1.177105832,ATP,4360,ATP
463,231,8.712742981,D95,4034,DC95
926,463,5.830453564,D95,5399,DC95
1389,926,5.269258459,D95,7319,DC95
1852,1389,4.947084233,D95,9162,DC95
2778,1852,4.571274298,D95,12699,DC95
3704,2778,4.348272138,D95,16106,DC95
,3704,4.194816415,D95,19422,DC95
463,231,19.401727862,74N,8983,B748
926,463,14.227861771,74N,13175,B748
1389,926,13.423326134,74N,18645,B748
1852,1389,13.002699784,74N,24081,B748
2778,1852,12.565874730,74N,34908,B748
3704,2778,12.343952484,74N,45722,B748
4630,3704,12.212958963,74N,56546,B748
5556,4630,12.129049676,74N,67389,B748
6482,5556,12.073125579,74N,78258,B748
7408,6482,12.034692225,74N,89153,B748
8334,7408,12.008039357,74N,100075,B748
9260,8334,11.989740821,74N,111025,B748
10186,9260,11.977419988,74N,122002,B748
11112,10186,11.969672426,74N,133007,B748
12038,11112,11.817826882,74N,142263,B748
12964,12038,11.575902499,74N,150070,B748
,12964,11.350755940,74N,157662,B748
463,231,2.933045356,I14,1358,I114
926,463,2.204103672,I14,2041,I114
1389,926,1.986321094,I14,2759,I114
1852,1389,1.855831533,I14,3437,I114
2778,1852,1.698704104,I14,4719,I114
3704,2778,1.602591793,I14,5936,I114
,3704,1.534989201,I14,7107,I114
463,231,1.354211663,SH6,627,SH36
926,463,1.018358531,SH6,943,SH36
,926,0.917206623,SH6,1274,SH36
463,231,20.952483801,D1Y,9701,DC10
926,463,14.638228942,D1Y,13555,DC10
1389,926,13.424046076,D1Y,18646,DC10
1852,1389,12.743520518,D1Y,23601,DC10
2778,1852,11.971202304,D1Y,33256,DC10
3704,2778,11.525377970,D1Y,42690,DC10
4630,3704,11.226349892,D1Y,51978,DC10
5556,4630,11.007919366,D1Y,61160,DC10
6482,5556,10.839401419,D1Y,70261,DC10
7408,6482,10.704373650,D1Y,79298,DC10
8334,7408,10.592992561,D1Y,88282,DC10
9260,8334,10.499136069,D1Y,97222,DC10
10186,9260,10.418613784,D1Y,106124,DC10
11112,10186,10.348632109,D1Y,114994,DC10
12038,11112,10.287007809,D1Y,123835,DC10
12964,12038,10.232258562,D1Y,132651,DC10
,12964,10.183225342,D1Y,141445,DC10
463,231,0.879049676,D28,407,D228
926,463,0.660907127,D28,612,D228
,926,0.594672426,D28,826,D228
463,231,3.442764579,CR1,1594,CRJ1
926,463,2.285097192,CR1,2116,CRJ1
1389,926,2.005759539,CR1,2786,CRJ1
1852,1389,1.852051836,CR1,3430,CRJ1
,1852,1.682505400,CR1,4674,CRJ1
463,231,20.928725702,744,9690,B744
926,463,15.347732181,744,14212,B744
1389,926,14.480201584,744,20113,B744
1852,1389,14.026457883,744,25977,B744
2778,1852,13.555435565,744,37657,B744
3704,2778,13.316144708,744,49323,B744
4630,3704,13.174730022,744,60999,B744
5556,4630,13.084233261,744,72696,B744
6482,5556,13.023758099,744,84420,B744
7408,6482,12.982316415,744,96173,B744
8334,7408,12.953683705,744,107956,B744
9260,8334,12.933909287,744,119768,B744
10186,9260,12.920380915,744,131607,B744
11112,10186,12.625269978,744,140292,B744
12038,11112,12.355374647,744,148734,B744
12964,12038,12.106294354,744,156946,B744
,12964,11.874586033,744,164938,B744
463,231,11.958963283,313,5537,A310
926,463,8.412526998,313,7790,A310
1389,926,7.745860331,313,10759,A310
1852,1389,7.374730022,313,13658,A310
2778,1852,6.955723542,313,19323,A310
3704,2778,6.715982721,313,24876,A310
4630,3704,6.556371490,313,30356,A310
5556,4630,6.440604752,313,35784,A310
6482,5556,6.351743289,313,41172,A310
7408,6482,6.281047516,313,46530,A310
8334,7408,6.222942165,313,51862,A310
,8334,6.174406048,313,57175,A310
463,231,0.282937365,CNT,131,F406
926,463,0.212742981,CNT,197,F406
1389,926,0.191504680,CNT,266,F406
1852,1389,0.178725702,CNT,331,F406
,1852,0.163786897,CNT,455,F406
463,231,7.408207343,M90,3430,MD90
926,463,4.951403888,M90,4585,MD90
1389,926,4.472282217,M90,6212,MD90
1852,1389,4.196544276,M90,7772,MD90
2778,1852,3.875449964,M90,10766,MD90
,2778,3.684665227,M90,13648,MD90
463,231,7.546436285,738,3494,B738
926,463,4.990280778,738,4621,B738
1389,926,4.478761699,738,6221,B738
1852,1389,4.184125270,738,7749,B738
2778,1852,3.839452844,738,10666,B738
3704,2778,3.633909287,738,13460,B738
4630,3704,3.492440605,738,16170,B738
5556,4630,3.386969042,738,18818,B738
6482,5556,3.303764270,738,21415,B738
,6482,3.235961123,738,23972,B738
463,231,0.980561555,J32,454,JS32
926,463,0.737580994,J32,683,JS32
1389,926,0.664506839,J32,923,JS32
1852,1389,0.620950324,J32,1150,JS32
,1852,0.568394528,J32,1579,JS32
463,231,6.667386609,F21,3087,F28
926,463,5.010799136,F21,4640,F28
1389,926,4.514758819,F21,6271,F28
,1389,4.218142549,F21,7812,F28
463,231,0.920086393,CD2,426,NOMA
,463,0.691144708,CD2,640,NOMA
463,231,2.987041037,DH4,1383,DH8D
926,463,2.260259179,DH4,2093,DH8D
1389,926,2.049676026,DH4,2847,DH8D
,1389,1.927645788,DH4,3570,DH8D
463,231,5.110151188,CRK,2366,CRJX
926,463,3.396328294,CRK,3145,CRJX
1389,926,2.984881210,CRK,4146,CRJX
1852,1389,2.759179266,CRK,5110,CRJX
,1852,2.512958963,CRK,6981,CRJX
463,231,1.354211663,J41,627,JS41
926,463,1.018358531,J41,943,JS41
1389,926,0.917206623,J41,1274,JS41
1852,1389,0.856911447,J41,1587,JS41
,1852,0.784377250,J41,2179,JS41
463,231,21.663066955,346,10030,A346
926,463,15.176025918,346,14053,A346
1389,926,13.939524838,346,19362,A346
1852,1389,13.248920086,346,24537,A346
2778,1852,12.465802736,346,34630,A346
3704,2778,12.015388769,346,44505,A346
4630,3704,11.714038877,346,54236,A346
5556,4630,11.494420446,346,63863,A346
6482,5556,11.325516816,346,73412,A346
7408,6482,11.190469762,346,82899,A346
8334,7408,11.079193665,346,92334,A346
9260,8334,10.985637149,346,101727,A346
10186,9260,10.918024740,346,111211,A346
11112,10186,10.715532757,346,119071,A346
12038,11112,10.532978900,346,126796,A346
12964,12038,10.366784943,346,134395,A346
,12964,10.214326854,346,141877,A346
463,231,4.518358531,CR7,2092,CRJ7
926,463,2.993520518,CR7,2772,CRJ7
1389,926,2.622030238,CR7,3642,CRJ7
1852,1389,2.416306695,CR7,4475,CRJ7
,1852,2.187185025,CR7,6076,CRJ7
463,231,24.857451404,741,11509,B741
926,463,18.228941685,741,16880,B741
1389,926,17.197984161,741,23888,B741
1852,1389,16.659287257,741,30853,B741
2778,1852,16.099712023,741,44725,B741
3704,2778,15.815334773,741,58580,B741
4630,3704,15.647516199,741,72448,B741
5556,4630,15.540136789,741,86341,B741
6482,5556,15.468219685,741,100265,B741
7408,6482,15.419006479,741,114224,B741
8334,7408,15.384929206,741,128218,B741
9260,8334,15.361447084,741,142247,B741
10186,9260,15.345768702,741,156312,B741
11112,10186,15.335763139,741,170411,B741
12038,11112,15.330121283,741,184544,B741
12964,12038,15.327830916,741,198710,B741
,12964,15.328221742,741,212909,B741
463,231,17.833693305,T20,8257,T204
926,463,10.969762419,T20,10158,T204
1389,926,9.535637149,T20,13245,T204
1852,1389,8.734341253,T20,16176,T204
2778,1852,7.818574514,T20,21720,T204
3704,2778,7.282127430,T20,26973,T204
4630,3704,6.916414687,T20,32023,T204
5556,4630,6.644888409,T20,36919,T204
,5556,6.432273990,T20,41694,T204
463,231,11.015118790,721,5100,B721
926,463,7.071274298,721,6548,B721
1389,926,6.236861051,721,8663,B721
1852,1389,5.755399568,721,10659,B721
2778,1852,5.190064795,721,14418,B721
3704,2778,4.852321814,721,17973,B721
4630,3704,4.619006479,721,21386,B721
,4630,4.444384449,721,24693,B721
463,231,11.362850972,YK2,5261,YK42
926,463,6.483801296,YK2,6004,YK42
1389,926,5.480921526,YK2,7613,YK42
1852,1389,4.947624190,YK2,9163,YK42
2778,1852,4.363210943,YK2,12121,YK42
,2778,4.032667387,YK2,14937,YK42
463,231,7.354211663,D92,3405,DC92
926,463,4.920086393,D92,4556,DC92
1389,926,4.447084233,D92,6177,DC92
1852,1389,4.174946004,D92,7732,DC92
2778,1852,3.857811375,D92,10717,DC92
3704,2778,3.669276458,D92,13591,DC92
,3704,3.539956803,D92,16390,DC92
,231,1.706263499,S61,790,S61
463,231,0.192224622,PAG,89,PA46
926,463,0.155507559,PAG,144,PA46
1389,926,0.138228942,PAG,192,PA46
1852,1389,0.128509719,PAG,238,PA46
,1852,0.116630670,PAG,324,PA46
463,231,10.827213823,TU3,5013,T134
926,463,6.415766739,TU3,5941,T134
1389,926,5.377969762,TU3,7470,T134
,1389,4.830453564,TU3,8946,T134
463,231,7.768898488,B11,3597,BA11
926,463,5.050755940,B11,4677,BA11
1389,926,4.511159107,B11,6266,BA11
1852,1389,4.214902808,B11,7806,BA11
2778,1852,3.895248380,B11,10821,BA11
,2778,3.729481641,B11,13814,BA11
463,231,2.352051836,YS1,1089,YS11
926,463,1.767818575,YS1,1637,YS11
1389,926,1.592512599,YS1,2212,YS11
,1389,1.488120950,YS1,2756,YS11
,231,0.695464363,MD9,322,EXPL
463,231,8.473002160,ANF,3923,AN12
926,463,6.069114471,ANF,5620,AN12
1389,926,5.379409647,ANF,7472,AN12
1852,1389,4.984341253,ANF,9231,AN12
2778,1852,4.524118071,ANF,12568,AN12
3704,2778,4.25,ANF,15742,AN12
4630,3704,4.060475162,ANF,18800,AN12
,4630,3.918826494,ANF,21773,AN12
463,231,0.706263499,PL2,327,PC12
926,463,0.531317495,PL2,492,PC12
1389,926,0.478761699,PL2,665,PC12
1852,1389,0.447084233,PL2,828,PC12
,1852,0.409287257,PL2,1137,PC12
463,231,20.928725702,74E,9690,B744
926,463,15.347732181,74E,14212,B744
1389,926,14.480201584,74E,20113,B744
1852,1389,14.026457883,74E,25977,B744
2778,1852,13.555435565,74E,37657,B744
3704,2778,13.316144708,74E,49323,B744
4630,3704,13.174730022,74E,60999,B744
5556,4630,13.084233261,74E,72696,B744
6482,5556,13.023758099,74E,84420,B744
7408,6482,12.982316415,74E,96173,B744
8334,7408,12.953683705,74E,107956,B744
9260,8334,12.933909287,74E,119768,B744
10186,9260,12.920380915,74E,131607,B744
11112,10186,12.625269978,74E,140292,B744
12038,11112,12.355374647,74E,148734,B744
12964,12038,12.106294354,74E,156946,B744
,12964,11.874586033,74E,164938,B744
463,231,6.799136069,IL8,3148,IL18
926,463,5.110151188,IL8,4732,IL18
1389,926,4.604751620,IL8,6396,IL18
1852,1389,4.302375810,IL8,7968,IL18
2778,1852,3.938084953,IL8,10940,IL18
3704,2778,3.714902808,IL8,13760,IL18
4630,3704,3.558531317,IL8,16476,IL18
5556,4630,3.440244780,IL8,19114,IL18
,5556,3.346189448,IL8,21690,IL18
463,231,21.041036717,L10,9742,L101
926,463,14.699784017,L10,13612,L101
1389,926,13.480921526,L10,18725,L101
1852,1389,12.798056156,L10,23702,L101
2778,1852,12.021958243,L10,33397,L101
3704,2778,11.574244060,L10,42871,L101
4630,3704,11.273866091,L10,52198,L101
5556,4630,11.054715623,L10,61420,L101
6482,5556,10.885529158,L10,70560,L101
7408,6482,10.749865011,L10,79635,L101
8334,7408,10.637988961,L10,88657,L101
9260,8334,10.543736501,L10,97635,L101
10186,9260,10.462890242,L10,106575,L101
,10186,10.392638589,L10,115483,L101
463,231,0.453563715,NDE,210,AS50
926,463,0.330453564,NDE,306,AS50
1389,926,0.293016559,NDE,407,AS50
1852,1389,0.270518359,NDE,501,AS50
,1852,0.244420446,NDE,679,AS50
463,231,33.552915767,IL7,15535,IL76
926,463,19.938444924,IL7,18463,IL76
1389,926,17.007199424,IL7,23623,IL76
1852,1389,15.463822894,IL7,28639,IL76
2778,1852,13.752339813,IL7,38204,IL76
3704,2778,12.766198704,IL7,47286,IL76
4630,3704,12.098488121,IL7,56016,IL76
5556,4630,11.604571634,IL7,64475,IL76
,5556,11.218296822,IL7,72717,IL76
463,231,7.861771058,D93,3640,DC93
926,463,5.260259179,D93,4871,DC93
1389,926,4.754499640,D93,6604,DC93
1852,1389,4.463822894,D93,8267,DC93
2778,1852,4.124550036,D93,11458,DC93
3704,2778,3.923056156,D93,14531,DC93
,3704,3.784881210,D93,17524,DC93
463,231,1.012958963,D3F,469,DC3
926,463,0.818574514,D3F,758,DC3
1389,926,0.730021598,D3F,1014,DC3
1852,1389,0.678185745,D3F,1256,DC3
,1852,0.615910727,D3F,1711,DC3
463,231,0.116630670,CN1,54,C210
463,231,0.116630670,CN1,54,C208
463,231,0.116630670,CN1,54,C206
463,231,0.116630670,CN1,54,C182
463,231,0.116630670,CN1,54,C172
463,231,0.116630670,CN1,54,C162
463,231,0.116630670,CN1,54,C77R
463,231,0.116630670,CN1,54,C72R
926,463,0.095032397,CN1,88,C210
926,463,0.095032397,CN1,88,C208
926,463,0.095032397,CN1,88,C206
926,463,0.095032397,CN1,88,C182
926,463,0.095032397,CN1,88,C172
926,463,0.095032397,CN1,88,C162
926,463,0.095032397,CN1,88,C77R
926,463,0.095032397,CN1,88,C72R
,926,0.084233261,CN1,117,C210
,926,0.084233261,CN1,117,C208
,926,0.084233261,CN1,117,C206
,926,0.084233261,CN1,117,C182
,926,0.084233261,CN1,117,C172
,926,0.084233261,CN1,117,C162
,926,0.084233261,CN1,117,C77R
,926,0.084233261,CN1,117,C72R
463,231,9.600431965,SHB,4445,BELF
926,463,7.214902808,SHB,6681,BELF
1389,926,6.501079914,SHB,9030,BELF
1852,1389,6.073974082,SHB,11249,BELF
2778,1852,5.559755220,SHB,15445,BELF
3704,2778,5.244870410,SHB,19427,BELF
4630,3704,5.023974082,SHB,23261,BELF
5556,4630,4.856911447,SHB,26985,BELF
6482,5556,4.724004937,SHB,30621,BELF
7408,6482,4.614605832,SHB,34185,BELF
8334,7408,4.522318215,SHB,37689,BELF
9260,8334,4.442872570,SHB,41141,BELF
,9260,4.373257412,SHB,44546,BELF
463,231,19.401727862,74H,8983,B748
926,463,14.227861771,74H,13175,B748
1389,926,13.423326134,74H,18645,B748
1852,1389,13.002699784,74H,24081,B748
2778,1852,12.565874730,74H,34908,B748
3704,2778,12.343952484,74H,45722,B748
4630,3704,12.212958963,74H,56546,B748
5556,4630,12.129049676,74H,67389,B748
6482,5556,12.073125579,74H,78258,B748
7408,6482,12.034692225,74H,89153,B748
8334,7408,12.008039357,74H,100075,B748
9260,8334,11.989740821,74H,111025,B748
10186,9260,11.977419988,74H,122002,B748
11112,10186,11.969672426,74H,133007,B748
12038,11112,11.817826882,74H,142263,B748
12964,12038,11.575902499,74H,150070,B748
,12964,11.350755940,74H,157662,B748
463,231,0.799136069,MU2,370,MU2
926,463,0.646868251,MU2,599,MU2
1389,926,0.576673866,MU2,801,MU2
1852,1389,0.535097192,MU2,991,MU2
,1852,0.486321094,MU2,1351,MU2
463,231,11.786177106,762,5457,B762
926,463,8.234341253,762,7625,B762
1389,926,7.550755940,762,10488,B762
1852,1389,7.168466523,762,13276,B762
2778,1852,6.733981281,762,18707,B762
3704,2778,6.482991361,762,24013,B762
4630,3704,6.314686825,762,29237,B762
5556,4630,6.191864651,762,34402,B762
6482,5556,6.097192225,762,39522,B762
7408,6482,6.021193305,762,44605,B762
8334,7408,5.958603312,762,49659,B762
9260,8334,5.905723542,762,54687,B762
10186,9260,5.831042608,762,59395,B762
11112,10186,5.650737941,762,62791,B762
,11112,5.483136734,762,66006,B762
463,231,20.617710583,M1M,9546,MD11
926,463,13.939524838,M1M,12908,MD11
1389,926,12.692584593,M1M,17630,MD11
1852,1389,11.988660907,M1M,22203,MD11
2778,1852,11.182505400,M1M,31065,MD11
3704,2778,10.711933045,M1M,39677,MD11
4630,3704,10.393304536,M1M,48121,MD11
5556,4630,10.158567315,M1M,56441,MD11
6482,5556,9.976241901,M1M,64666,MD11
7408,6482,9.828968683,M1M,72813,MD11
8334,7408,9.706623470,M1M,80895,MD11
9260,8334,9.602915767,M1M,88923,MD11
10186,9260,9.513351659,M1M,96903,MD11
11112,10186,9.435115191,M1M,104843,MD11
12038,11112,9.365758432,M1M,112745,MD11
,12038,9.303841407,M1M,120615,MD11
463,231,24.429805616,742,11311,B742
926,463,17.915766739,742,16590,B742
1389,926,16.902807775,742,23478,B742
1852,1389,16.373110151,742,30323,B742
2778,1852,15.823254140,742,43957,B742
3704,2778,15.544006479,742,57575,B742
4630,3704,15.378833693,742,71204,B742
5556,4630,15.273398128,742,84859,B742
6482,5556,15.202869485,742,98545,B742
7408,6482,15.154427646,742,112264,B742
8334,7408,15.120830334,742,126017,B742
9260,8334,15.097840173,742,139806,B742
10186,9260,15.082367956,742,153629,B742
11112,10186,15.072534197,742,167486,B742
12038,11112,15.067037714,742,181377,B742
12964,12038,15.064794816,742,195300,B742
,12964,15.065082793,742,209254,B742
463,231,6.639308855,736,3074,B736
926,463,4.314254860,736,3995,B736
1389,926,3.832973362,736,5324,B736
1852,1389,3.555075594,736,6584,B736
2778,1852,3.229301656,736,8971,B736
3704,2778,3.034287257,736,11239,B736
4630,3704,2.899784017,736,13426,B736
5556,4630,2.799316055,736,15553,B736
6482,5556,2.719993829,736,17631,B736
,6482,2.655237581,736,19670,B736
463,231,24.429805616,74X,11311,B742
926,463,17.915766739,74X,16590,B742
1389,926,16.902807775,74X,23478,B742
1852,1389,16.373110151,74X,30323,B742
2778,1852,15.823254140,74X,43957,B742
3704,2778,15.544006479,74X,57575,B742
4630,3704,15.378833693,74X,71204,B742
5556,4630,15.273398128,74X,84859,B742
6482,5556,15.202869485,74X,98545,B742
7408,6482,15.154427646,74X,112264,B742
8334,7408,15.120830334,74X,126017,B742
9260,8334,15.097840173,74X,139806,B742
10186,9260,15.082367956,74X,153629,B742
11112,10186,15.072534197,74X,167486,B742
12038,11112,15.067037714,74X,181377,B742
12964,12038,15.064794816,74X,195300,B742
,12964,15.065082793,74X,209254,B742
463,231,4.861771058,CR9,2251,CRJ9
926,463,3.233261339,CR9,2994,CRJ9
1389,926,2.843052556,CR9,3949,CRJ9
1852,1389,2.630669546,CR9,4872,CRJ9
,1852,2.398848092,CR9,6664,CRJ9
463,231,24.857451404,74T,11509,B741
926,463,18.228941685,74T,16880,B741
1389,926,17.197984161,74T,23888,B741
1852,1389,16.659287257,74T,30853,B741
2778,1852,16.099712023,74T,44725,B741
3704,2778,15.815334773,74T,58580,B741
4630,3704,15.647516199,74T,72448,B741
5556,4630,15.540136789,74T,86341,B741
6482,5556,15.468219685,74T,100265,B741
7408,6482,15.419006479,74T,114224,B741
8334,7408,15.384929206,74T,128218,B741
9260,8334,15.361447084,74T,142247,B741
10186,9260,15.345768702,74T,156312,B741
11112,10186,15.335763139,74T,170411,B741
12038,11112,15.330121283,74T,184544,B741
12964,12038,15.327830916,74T,198710,B741
,12964,15.328221742,74T,212909,B741
463,231,1.200863931,A28,556,AN28
926,463,0.901727862,A28,835,AN28
1389,926,0.812814975,A28,1129,AN28
1852,1389,0.759179266,A28,1406,AN28
,1852,0.695104392,A28,1931,AN28
463,231,1.924406048,AT7,891,AT72
926,463,1.521598272,AT7,1409,AT72
1389,926,1.437005040,AT7,1996,AT72
1852,1389,1.405507559,AT7,2603,AT72
2778,1852,1.400647948,AT7,3891,AT72
,2778,1.428995680,AT7,5293,AT72
463,231,15.596112311,AB4,7221,A30B
926,463,10.970842333,AB4,10159,A30B
1389,926,10.102231821,AB4,14032,A30B
1852,1389,9.617710583,AB4,17812,A30B
2778,1852,9.071274298,AB4,25200,A30B
3704,2778,8.758639309,AB4,32442,A30B
4630,3704,8.550539957,AB4,39589,A30B
5556,4630,8.399388049,AB4,46667,A30B
6482,5556,8.283554459,AB4,53694,A30B
7408,6482,8.191414687,AB4,60682,A30B
,7408,8.115670746,AB4,67636,A30B
463,231,9.578833693,752,4435,B752
926,463,6.413606911,752,5939,B752
1389,926,5.798416127,752,8054,B752
1852,1389,5.445464363,752,10085,B752
2778,1852,5.033837293,752,13984,B752
3704,2778,4.789416847,752,17740,B752
4630,3704,4.621598272,752,21398,B752
5556,4630,4.496580274,752,24983,B752
,5556,4.344183894,752,28159,B752
463,231,1.900647948,DH2,880,DH8B
926,463,1.428725702,DH2,1323,DH8B
1389,926,1.287257019,DH2,1788,DH8B
,1389,1.203023758,DH2,2228,DH8B
463,231,3.388768898,CR2,1569,CRJ2
926,463,2.250539957,CR2,2084,CRJ2
1389,926,1.974802016,CR2,2743,CRJ2
1852,1389,1.823974082,CR2,3378,CRJ2
,1852,1.657667387,CR2,4605,CRJ2
463,231,15.717062635,333,7277,A333
926,463,10.777537797,333,9980,A333
1389,926,9.776097912,333,13579,A333
1852,1389,9.208963283,333,17055,A333
2778,1852,8.556155508,333,23769,A333
3704,2778,8.173866091,333,30276,A333
4630,3704,7.914038877,333,36642,A333
5556,4630,7.721922246,333,42903,A333
6482,5556,7.572045665,333,49082,A333
7408,6482,7.395788337,333,54788,A333
8334,7408,7.179145668,333,59831,A333
9260,8334,6.989092873,333,64719,A333
,9260,6.819458080,333,69463,A333
463,231,0.373650108,PA2,173,PA31
926,463,0.280777538,PA2,260,PA31
1389,926,0.252699784,PA2,351,PA31
1852,1389,0.235961123,PA2,437,PA31
,1852,0.216342693,PA2,601,PA31
463,231,0.395248380,PL6,183,PC6T
926,463,0.296976242,PL6,275,PC6T
,926,0.267098632,PL6,371,PC6T
463,231,6.639308855,LOH,3074,C130
926,463,4.990280778,LOH,4621,C130
1389,926,4.496040317,LOH,6245,C130
1852,1389,4.201403888,LOH,7781,C130
2778,1852,3.845572354,LOH,10683,C130
3704,2778,3.627699784,LOH,13437,C130
4630,3704,3.474946004,LOH,16089,C130
5556,4630,3.359251260,LOH,18664,C130
6482,5556,3.267355754,LOH,21179,C130
,6482,3.191819654,LOH,23645,C130
463,231,12.524838013,763,5799,B763
926,463,8.607991361,763,7971,B763
1389,926,7.894168467,763,10965,B763
1852,1389,7.494060475,763,13879,B763
2778,1852,7.039956803,763,19557,B763
3704,2778,6.777537797,763,25104,B763
4630,3704,6.601727862,763,30566,B763
5556,4630,6.473362131,763,35966,B763
6482,5556,6.374267201,763,41318,B763
7408,6482,6.294816415,763,46632,B763
8334,7408,6.229301656,763,51915,B763
9260,8334,6.174082073,763,57172,B763
10186,9260,6.097192225,763,62106,B763
11112,10186,5.912526998,763,65700,B763
,11112,5.741153015,763,69112,B763
463,231,37.263498920,ILW,17253,IL86
926,463,22.677105832,ILW,20999,IL86
1389,926,19.466522678,ILW,27039,IL86
1852,1389,17.710583153,ILW,32800,IL86
2778,1852,15.736861051,ILW,43717,IL86
3704,2778,14.597192225,ILW,54068,IL86
4630,3704,13.827213823,ILW,64020,IL86
5556,4630,13.259359251,ILW,73669,IL86
6482,5556,12.816260413,ILW,83075,IL86
,6482,12.457073434,ILW,92282,IL86
463,231,6.809935205,735,3153,B735
926,463,4.543196544,735,4207,B735
1389,926,4.099352052,735,5694,B735
1852,1389,3.843952484,735,7119,B735
2778,1852,3.545716343,735,9850,B735
3704,2778,3.368520518,735,12477,B735
4630,3704,3.246868251,735,15033,B735
5556,4630,3.156047516,735,17535,B735
6482,5556,3.084696081,735,19995,B735
,6482,3.026592873,735,22421,B735
463,231,3.526997840,ER4,1633,E145
926,463,2.371490281,ER4,2196,E145
1389,926,2.089992801,ER4,2903,E145
1852,1389,1.930885529,ER4,3576,E145
2778,1852,1.747660187,ER4,4855,E145
,2778,1.639578834,ER4,6073,E145
463,231,20.390928726,345,9441,A345
926,463,14.186825054,345,13137,A345
1389,926,12.978401728,345,18027,A345
1852,1389,12.299676026,345,22779,A345
2778,1852,11.525917927,345,32019,A345
3704,2778,11.077483801,345,41031,A345
4630,3704,10.775593952,345,49891,A345
5556,4630,10.554355652,345,58640,A345
6482,5556,10.383215057,345,67304,A345
7408,6482,10.245680346,345,75900,A345
8334,7408,10.131869450,345,84439,A345
9260,8334,10.035745140,345,92931,A345
10186,9260,9.953171019,345,101383,A345
11112,10186,9.881119510,345,109799,A345
12038,11112,9.767237083,345,117578,A345
12964,12038,9.611308238,345,124601,A345
13890,12964,9.468106551,345,131512,A345
14816,13890,9.335785637,345,138319,A345
,14816,9.212679456,345,145026,A345
463,231,1.542116631,SF3,714,SF34
926,463,1.023758099,SF3,948,SF34
1389,926,0.800575954,SF3,1112,SF34
,1389,0.633909287,SF3,1174,SF34
463,231,24.857451404,74R,11509,B74R
926,463,18.228941685,74R,16880,B74R
1389,926,17.197984161,74R,23888,B74R
1852,1389,16.659287257,74R,30853,B74R
2778,1852,16.099712023,74R,44725,B74R
3704,2778,15.815334773,74R,58580,B74R
4630,3704,15.647516199,74R,72448,B74R
5556,4630,15.540136789,74R,86341,B74R
6482,5556,15.468219685,74R,100265,B74R
7408,6482,15.419006479,74R,114224,B74R
8334,7408,15.384929206,74R,128218,B74R
9260,8334,15.361447084,74R,142247,B74R
10186,9260,15.345768702,74R,156312,B74R
11112,10186,15.335763139,74R,170411,B74R
12038,11112,15.330121283,74R,184544,B74R
12964,12038,15.327830916,74R,198710,B74R
,12964,15.328221742,74R,212909,B74R
463,231,0.475161987,DHL,220,DHC3
926,463,0.383369330,DHL,355,DHC3
,926,0.341972642,DHL,475,DHC3
463,231,5.332613391,A81,2469,A148
926,463,3.510799136,A81,3251,A148
1389,926,3.055435565,A81,4244,A148
1852,1389,2.798596112,A81,5183,A148
2778,1852,2.501439885,A81,6949,A148
,2778,2.326403888,A81,8617,A148
463,231,0.879049676,NDH,407,S65C
926,463,0.642548596,NDH,595,S65C
1389,926,0.568034557,NDH,789,S65C
1852,1389,0.525377970,NDH,973,S65C
,1852,0.474802016,NDH,1319,S65C
463,231,17.246220302,342,7985,A342
926,463,11.279697624,342,10445,A342
1389,926,9.994240461,342,13882,A342
1852,1389,9.286177106,342,17198,A342
2778,1852,8.510439165,342,23642,A342
3704,2778,8.095032397,342,29984,A342
4630,3704,7.842764579,342,36312,A342
5556,4630,7.680525558,342,42673,A342
6482,5556,7.574359766,342,49097,A342
7408,6482,7.505804536,342,55603,A342
8334,7408,7.463762899,342,62203,A342
9260,8334,7.441468683,342,68908,A342
10186,9260,7.407520126,342,75453,A342
11112,10186,7.282307415,342,80921,A342
12038,11112,6.979813923,342,84023,A342
12964,12038,6.693150262,342,86770,A342
,12964,6.420014399,342,89174,A342
463,231,0.667386609,SHS,309,SC7
926,463,0.501079914,SHS,464,SC7
,926,0.451403888,SHS,627,SC7
463,231,6.667386609,SU9,3087,SU95
926,463,4.388768898,SU9,4064,SU95
1389,926,3.820014399,SU9,5306,SU95
1852,1389,3.497840173,SU9,6478,SU95
,1852,3.126709863,SU9,8686,SU95
463,231,3.714902808,D6F,1720,DC6
926,463,3.002159827,D6F,2780,DC6
1389,926,2.676745860,D6F,3718,DC6
1852,1389,2.485421166,D6F,4603,DC6
2778,1852,2.258099352,D6F,6273,DC6
3704,2778,2.120680346,D6F,7855,DC6
4630,3704,2.024838013,D6F,9375,DC6
5556,4630,1.952843772,D6F,10850,DC6
6482,5556,1.895865474,D6F,12289,DC6
7408,6482,1.849082073,D6F,13698,DC6
,7408,1.809695224,D6F,15082,DC6
463,231,0.427645788,GRG,198,G21
926,463,0.344492441,GRG,319,G21
1389,926,0.307415407,GRG,427,G21
1852,1389,0.285637149,GRG,529,G21
,1852,0.259539237,GRG,721,G21
463,231,24.429805616,74C,11311,B742
926,463,17.915766739,74C,16590,B742
1389,926,16.902807775,74C,23478,B742
1852,1389,16.373110151,74C,30323,B742
2778,1852,15.823254140,74C,43957,B742
3704,2778,15.544006479,74C,57575,B742
4630,3704,15.378833693,74C,71204,B742
5556,4630,15.273398128,74C,84859,B742
6482,5556,15.202869485,74C,98545,B742
7408,6482,15.154427646,74C,112264,B742
8334,7408,15.120830334,74C,126017,B742
9260,8334,15.097840173,74C,139806,B742
10186,9260,15.082367956,74C,153629,B742
11112,10186,15.072534197,74C,167486,B742
12038,11112,15.067037714,74C,181377,B742
12964,12038,15.064794816,74C,195300,B742
,12964,15.065082793,74C,209254,B742
463,231,18.514038877,773,8572,B773
926,463,12.970842333,773,12011,B773
1389,926,11.914326854,773,16549,B773
1852,1389,11.323974082,773,20972,B773
2778,1852,10.654427646,773,29598,B773
3704,2778,10.269438445,773,38038,B773
4630,3704,10.011879050,773,46355,B773
5556,4630,9.824334053,773,54584,B773
6482,5556,9.679882752,773,62745,B773
7408,6482,9.564389849,773,70853,B773
8334,7408,9.448884089,773,78747,B773
9260,8334,9.230561555,773,85475,B773
10186,9260,9.037993324,773,92061,B773
11112,10186,8.866000720,773,98519,B773
12038,11112,8.710500083,773,104857,B773
12964,12038,8.568728787,773,111085,B773
13890,12964,8.438444924,773,117210,B773
,13890,8.317832073,773,123237,B773
463,231,20.617710583,M11,9546,MD11
926,463,13.939524838,M11,12908,MD11
1389,926,12.692584593,M11,17630,MD11
1852,1389,11.988660907,M11,22203,MD11
2778,1852,11.182505400,M11,31065,MD11
3704,2778,10.711933045,M11,39677,MD11
4630,3704,10.393304536,M11,48121,MD11
5556,4630,10.158567315,M11,56441,MD11
6482,5556,9.976241901,M11,64666,MD11
7408,6482,9.828968683,M11,72813,MD11
8334,7408,9.706623470,M11,80895,MD11
9260,8334,9.602915767,M11,88923,MD11
10186,9260,9.513351659,M11,96903,MD11
11112,10186,9.435115191,M11,104843,MD11
12038,11112,9.365758432,M11,112745,MD11
,12038,9.303841407,M11,120615,MD11
463,231,5.948164147,141,2754,B461
463,231,5.948164147,141,2754,B461
463,231,5.948164147,141,2754,B461
463,231,5.948164147,141,2754,B461
926,463,4.183585313,141,3874,B461
926,463,4.183585313,141,3874,B461
926,463,4.183585313,141,3874,B461
926,463,4.183585313,141,3874,B461
1389,926,3.785457163,141,5258,B461
1389,926,3.785457163,141,5258,B461
1389,926,3.785457163,141,5258,B461
1389,926,3.785457163,141,5258,B461
1852,1389,3.563714903,141,6600,B461
1852,1389,3.563714903,141,6600,B461
1852,1389,3.563714903,141,6600,B461
1852,1389,3.563714903,141,6600,B461
,1852,3.311375090,141,9199,B461
,1852,3.311375090,141,9199,B461
,1852,3.311375090,141,9199,B461
,1852,3.311375090,141,9199,B461
463,231,2.907127430,FRJ,1346,J328
926,463,1.913606911,FRJ,1772,J328
,926,1.665226782,FRJ,2313,J328
463,231,20.928725702,74J,9690,B74D
926,463,15.347732181,74J,14212,B74D
1389,926,14.480201584,74J,20113,B74D
1852,1389,14.026457883,74J,25977,B74D
2778,1852,13.555435565,74J,37657,B74D
3704,2778,13.316144708,74J,49323,B74D
4630,3704,13.174730022,74J,60999,B74D
5556,4630,13.084233261,74J,72696,B74D
6482,5556,13.023758099,74J,84420,B74D
7408,6482,12.982316415,74J,96173,B74D
8334,7408,12.953683705,74J,107956,B74D
9260,8334,12.933909287,74J,119768,B74D
10186,9260,12.920380915,74J,131607,B74D
11112,10186,12.625269978,74J,140292,B74D
12038,11112,12.355374647,74J,148734,B74D
12964,12038,12.106294354,74J,156946,B74D
,12964,11.874586033,74J,164938,B74D
463,231,6.740820734,717,3121,B712
926,463,4.573434125,717,4235,B712
1389,926,4.051835853,717,5628,B712
1852,1389,3.773758099,717,6989,B712
2778,1852,3.472282217,717,9646,B712
,2778,3.296166307,717,12209,B712
463,231,3.466522678,CCJ,1605,CL60
926,463,2.281857451,CCJ,2113,CL60
1389,926,1.986321094,CCJ,2759,CL60
1852,1389,1.819114471,CCJ,3369,CL60
2778,1852,1.625989921,CCJ,4517,CL60
3704,2778,1.512149028,CCJ,5601,CL60
4630,3704,1.434125270,CCJ,6640,CL60
5556,4630,1.376349892,CCJ,7647,CL60
,5556,1.330916384,CCJ,8627,CL60
463,231,5.559395248,F70,2574,F70
926,463,3.895248380,F70,3607,F70
1389,926,3.516198704,F70,4884,F70
1852,1389,3.305075594,F70,6121,F70
2778,1852,3.064074874,F70,8512,F70
,2778,2.924136069,F70,10831,F70
463,231,27.321814255,IL6,12650,IL62
926,463,15.052915767,IL6,13939,IL62
1389,926,12.871130310,IL6,17878,IL62
1852,1389,11.745680346,IL6,21753,IL62
2778,1852,10.508279338,IL6,29192,IL62
3704,2778,9.864200864,IL6,36537,IL62
4630,3704,9.519438445,IL6,44075,IL62
5556,4630,9.284017279,IL6,51582,IL62
6482,5556,9.117247763,IL6,59098,IL62
7408,6482,8.996625270,IL6,66647,IL62
8334,7408,8.908807295,IL6,74246,IL62
,8334,8.845464363,IL6,81909,IL62
463,231,8.641468683,M82,4001,MD82
926,463,5.903887689,M82,5467,MD82
1389,926,5.401727862,M82,7503,MD82
1852,1389,5.115010799,M82,9473,MD82
2778,1852,4.784377250,M82,13291,MD82
3704,2778,4.590172786,M82,17002,MD82
4630,3704,4.458099352,M82,20641,MD82
5556,4630,4.360511159,M82,24227,MD82
,5556,4.284480099,M82,27772,MD82
463,231,8.641468683,M83,4001,MD83
926,463,5.903887689,M83,5467,MD83
1389,926,5.401727862,M83,7503,MD83
1852,1389,5.115010799,M83,9473,MD83
2778,1852,4.784377250,M83,13291,MD83
3704,2778,4.590172786,M83,17002,MD83
4630,3704,4.458099352,M83,20641,MD83
5556,4630,4.360511159,M83,24227,MD83
,5556,4.284480099,M83,27772,MD83
463,231,1.066954644,DHC,494,DHC5
463,231,1.066954644,DHC,494,DHC4
926,463,0.861771058,DHC,798,DHC5
926,463,0.861771058,DHC,798,DHC4
1389,926,0.768898488,DHC,1068,DHC5
1389,926,0.768898488,DHC,1068,DHC4
1852,1389,0.713822894,DHC,1322,DHC5
1852,1389,0.713822894,DHC,1322,DHC4
,1852,0.648308135,DHC,1801,DHC5
,1852,0.648308135,DHC,1801,DHC4
463,231,19.963282937,74L,9243,B74S
926,463,14.640388769,74L,13557,B74S
1389,926,13.812095032,74L,19185,B74S
1852,1389,13.379049676,74L,24778,B74S
2778,1852,12.929805616,74L,35919,B74S
3704,2778,12.701403888,74L,47046,B74S
4630,3704,12.566522678,74L,58183,B74S
5556,4630,12.480381569,74L,69341,B74S
6482,5556,12.422709040,74L,80524,B74S
7408,6482,12.383099352,74L,91734,B74S
8334,7408,12.355771538,74L,102973,B74S
9260,8334,12.336933045,74L,114240,B74S
10186,9260,12.324268604,74L,125535,B74S
11112,10186,12.316324694,74L,136859,B74S
12038,11112,12.311762751,74L,148209,B74S
12964,12038,12.309935205,74L,159586,B74S
,12964,12.310223182,74L,170989,B74S
463,231,1.833693305,CNJ,849,C750
463,231,1.833693305,CNJ,849,C680
463,231,1.833693305,CNJ,849,C650
463,231,1.833693305,CNJ,849,C560
463,231,1.833693305,CNJ,849,C550
463,231,1.833693305,CNJ,849,C525
463,231,1.833693305,CNJ,849,C510
463,231,1.833693305,CNJ,849,C500
463,231,1.833693305,CNJ,849,C56X
463,231,1.833693305,CNJ,849,C25C
463,231,1.833693305,CNJ,849,C25B
463,231,1.833693305,CNJ,849,C25A
926,463,1.207343413,CNJ,1118,C750
926,463,1.207343413,CNJ,1118,C680
926,463,1.207343413,CNJ,1118,C650
926,463,1.207343413,CNJ,1118,C560
926,463,1.207343413,CNJ,1118,C550
926,463,1.207343413,CNJ,1118,C525
926,463,1.207343413,CNJ,1118,C510
926,463,1.207343413,CNJ,1118,C500
926,463,1.207343413,CNJ,1118,C56X
926,463,1.207343413,CNJ,1118,C25C
926,463,1.207343413,CNJ,1118,C25B
926,463,1.207343413,CNJ,1118,C25A
1389,926,1.051115911,CNJ,1460,C750
1389,926,1.051115911,CNJ,1460,C680
1389,926,1.051115911,CNJ,1460,C650
1389,926,1.051115911,CNJ,1460,C560
1389,926,1.051115911,CNJ,1460,C550
1389,926,1.051115911,CNJ,1460,C525
1389,926,1.051115911,CNJ,1460,C510
1389,926,1.051115911,CNJ,1460,C500
1389,926,1.051115911,CNJ,1460,C56X
1389,926,1.051115911,CNJ,1460,C25C
1389,926,1.051115911,CNJ,1460,C25B
1389,926,1.051115911,CNJ,1460,C25A
1852,1389,0.962742981,CNJ,1783,C750
1852,1389,0.962742981,CNJ,1783,C680
1852,1389,0.962742981,CNJ,1783,C650
1852,1389,0.962742981,CNJ,1783,C560
1852,1389,0.962742981,CNJ,1783,C550
1852,1389,0.962742981,CNJ,1783,C525
1852,1389,0.962742981,CNJ,1783,C510
1852,1389,0.962742981,CNJ,1783,C500
1852,1389,0.962742981,CNJ,1783,C56X
1852,1389,0.962742981,CNJ,1783,C25C
1852,1389,0.962742981,CNJ,1783,C25B
1852,1389,0.962742981,CNJ,1783,C25A
2778,1852,0.860331174,CNJ,2390,C750
2778,1852,0.860331174,CNJ,2390,C680
2778,1852,0.860331174,CNJ,2390,C650
2778,1852,0.860331174,CNJ,2390,C560
2778,1852,0.860331174,CNJ,2390,C550
2778,1852,0.860331174,CNJ,2390,C525
2778,1852,0.860331174,CNJ,2390,C510
2778,1852,0.860331174,CNJ,2390,C500
2778,1852,0.860331174,CNJ,2390,C56X
2778,1852,0.860331174,CNJ,2390,C25C
2778,1852,0.860331174,CNJ,2390,C25B
2778,1852,0.860331174,CNJ,2390,C25A
3704,2778,0.800215983,CNJ,2964,C750
3704,2778,0.800215983,CNJ,2964,C680
3704,2778,0.800215983,CNJ,2964,C650
3704,2778,0.800215983,CNJ,2964,C560
3704,2778,0.800215983,CNJ,2964,C550
3704,2778,0.800215983,CNJ,2964,C525
3704,2778,0.800215983,CNJ,2964,C510
3704,2778,0.800215983,CNJ,2964,C500
3704,2778,0.800215983,CNJ,2964,C56X
3704,2778,0.800215983,CNJ,2964,C25C
3704,2778,0.800215983,CNJ,2964,C25B
3704,2778,0.800215983,CNJ,2964,C25A
4630,3704,0.758963283,CNJ,3514,C750
4630,3704,0.758963283,CNJ,3514,C680
4630,3704,0.758963283,CNJ,3514,C650
4630,3704,0.758963283,CNJ,3514,C560
4630,3704,0.758963283,CNJ,3514,C550
4630,3704,0.758963283,CNJ,3514,C525
4630,3704,0.758963283,CNJ,3514,C510
4630,3704,0.758963283,CNJ,3514,C500
4630,3704,0.758963283,CNJ,3514,C56X
4630,3704,0.758963283,CNJ,3514,C25C
4630,3704,0.758963283,CNJ,3514,C25B
4630,3704,0.758963283,CNJ,3514,C25A
,4630,0.728401728,CNJ,4047,C750
,4630,0.728401728,CNJ,4047,C680
,4630,0.728401728,CNJ,4047,C650
,4630,0.728401728,CNJ,4047,C560
,4630,0.728401728,CNJ,4047,C550
,4630,0.728401728,CNJ,4047,C525
,4630,0.728401728,CNJ,4047,C510
,4630,0.728401728,CNJ,4047,C500
,4630,0.728401728,CNJ,4047,C56X
,4630,0.728401728,CNJ,4047,C25C
,4630,0.728401728,CNJ,4047,C25B
,4630,0.728401728,CNJ,4047,C25A
463,231,0.306695464,BNI,142,BN2P
926,463,0.247300216,BNI,229,BN2P
,926,0.221022318,BNI,307,BN2P
463,231,8.440604752,D94,3908,DC94
926,463,5.647948164,D94,5230,DC94
1389,926,5.104391649,D94,7090,DC94
1852,1389,4.792116631,D94,8875,DC94
2778,1852,4.428005760,D94,12301,DC94
3704,2778,4.211663067,D94,15600,DC94
,3704,4.063282937,D94,18813,DC94
463,231,0.213822894,DHP,99,DHC2
926,463,0.172786177,DHP,160,DHC2
,926,0.154067675,DHP,214,DHC2
463,231,0.840172786,EMB,389,E110
926,463,0.631749460,EMB,585,E110
1389,926,0.568754500,EMB,790,E110
1852,1389,0.531317495,EMB,984,E110
,1852,0.486321094,EMB,1351,E110
463,231,53.332613391,A4F,24693,A124
926,463,34.524838013,A4F,31970,A124
1389,926,30.279337653,A4F,42058,A124
1852,1389,27.849892009,A4F,51578,A124
2778,1852,25.020518359,A4F,69507,A124
3704,2778,23.338282937,A4F,86445,A124
4630,3704,22.181425486,A4F,102700,A124
5556,4630,21.318214543,A4F,118444,A124
,5556,20.639000309,A4F,133782,A124
463,231,2.447084233,HS7,1133,A748
926,463,1.840172786,HS7,1704,A748
1389,926,1.658027358,HS7,2303,A748
1852,1389,1.549136069,HS7,2869,A748
,1852,1.417926566,HS7,3939,A748
463,231,1.561555076,AT4,723,AT43
926,463,1.180345572,AT4,1093,AT43
1389,926,1.069834413,AT4,1486,AT43
1852,1389,1.005939525,AT4,1863,AT43
,1852,0.931605472,AT4,2588,AT43
463,231,4.665226782,E70,2160,E170
926,463,3.097192225,E70,2868,E170
1389,926,2.719222462,E70,3777,E170
1852,1389,2.511339093,E70,4651,E170
,1852,2.282577394,E70,6341,E170
463,231,8.641468683,M88,4001,MD88
926,463,5.903887689,M88,5467,MD88
1389,926,5.401727862,M88,7503,MD88
1852,1389,5.115010799,M88,9473,MD88
2778,1852,4.784377250,M88,13291,MD88
3704,2778,4.590172786,M88,17002,MD88
4630,3704,4.458099352,M88,20641,MD88
5556,4630,4.360511159,M88,24227,MD88
,5556,4.284480099,M88,27772,MD88
463,231,10.421166307,753,4825,B753
926,463,7.046436285,753,6525,B753
1389,926,6.406767459,753,8899,B753
1852,1389,6.041036717,753,11188,B753
2778,1852,5.616270698,753,15602,B753
3704,2778,5.365010799,753,19872,B753
4630,3704,5.193088553,753,24044,B753
5556,4630,5.065694744,753,28145,B753
,5556,4.898796668,753,31754,B753
463,231,15.041036717,332,6964,A332
926,463,10.313174946,332,9550,A332
1389,926,9.354931605,332,12994,A332
1852,1389,8.812634989,332,16321,A332
2778,1852,8.188264939,332,22747,A332
3704,2778,7.822084233,332,28973,A332
4630,3704,7.573434125,332,35065,A332
5556,4630,7.389668826,332,41057,A332
6482,5556,7.246220302,332,46970,A332
7408,6482,7.076403888,332,52422,A332
8334,7408,6.867170626,332,57231,A332
9260,8334,6.683477322,332,61889,A332
10186,9260,6.519340271,332,66406,A332
11112,10186,6.370860331,332,70793,A332
12038,11112,6.235088885,332,75058,A332
,12038,6.109765504,332,79207,A332
463,231,8.008639309,732,3708,B732
926,463,5.358531317,732,4962,B732
1389,926,4.843052556,732,6727,B732
1852,1389,4.546976242,732,8421,B732
2778,1852,4.201583873,732,11672,B732
3704,2778,3.996220302,732,14802,B732
4630,3704,3.855291577,732,17850,B732
5556,4630,3.750539957,732,20838,B732
6482,5556,3.668157976,732,23777,B732
,6482,3.600971922,732,26676,B732
463,231,0.920086393,J31,426,JS31
926,463,0.691144708,J31,640,JS31
1389,926,0.622750180,J31,865,JS31
1852,1389,0.582073434,J31,1078,JS31
,1852,0.532757379,J31,1480,JS31
463,231,2.572354212,F27,1191,F27
926,463,1.934125270,F27,1791,F27
1389,926,1.742260619,F27,2420,F27
1852,1389,1.627969762,F27,3015,F27
2778,1852,1.490280778,F27,4140,F27
,2778,1.405777538,F27,5207,F27
463,231,20.617710583,M1F,9546,MD11
926,463,13.939524838,M1F,12908,MD11
1389,926,12.692584593,M1F,17630,MD11
1852,1389,11.988660907,M1F,22203,MD11
2778,1852,11.182505400,M1F,31065,MD11
3704,2778,10.711933045,M1F,39677,MD11
4630,3704,10.393304536,M1F,48121,MD11
5556,4630,10.158567315,M1F,56441,MD11
6482,5556,9.976241901,M1F,64666,MD11
7408,6482,9.828968683,M1F,72813,MD11
8334,7408,9.706623470,M1F,80895,MD11
9260,8334,9.602915767,M1F,88923,MD11
10186,9260,9.513351659,M1F,96903,MD11
11112,10186,9.435115191,M1F,104843,MD11
12038,11112,9.365758432,M1F,112745,MD11
,12038,9.303841407,M1F,120615,MD11
463,231,7.408207343,32A,3430,A320
926,463,4.951403888,32A,4585,A320
1389,926,4.472282217,32A,6212,A320
1852,1389,4.196544276,32A,7772,A320
2778,1852,3.875449964,32A,10766,A320
3704,2778,3.684665227,32A,13648,A320
,3704,3.553347732,32A,16452,A320
463,231,5.805615551,E90,2688,E190
463,231,5.805615551,E90,2688,E190
926,463,3.852051836,E90,3567,E190
926,463,3.852051836,E90,3567,E190
1389,926,3.380129590,E90,4695,E190
1389,926,3.380129590,E90,4695,E190
1852,1389,3.119870410,E90,5778,E190
1852,1389,3.119870410,E90,5778,E190
2778,1852,2.833333333,E90,7871,E190
2778,1852,2.833333333,E90,7871,E190
,2778,2.676295896,E90,9913,E190
,2778,2.676295896,E90,9913,E190
463,231,1.751619870,DH1,811,DH8A
926,463,1.316414687,DH1,1219,DH8A
,926,1.186465083,DH1,1648,DH8A
463,231,13.237580994,764,6129,B764
926,463,9.248380130,764,8564,B764
1389,926,8.480921526,764,11780,B764
1852,1389,8.051295896,764,14911,B764
2778,1852,7.563354932,764,21011,B764
3704,2778,7.281587473,764,26971,B764
4630,3704,7.092656587,764,32839,B764
5556,4630,6.954823614,764,38641,B764
6482,5556,6.848349275,764,44391,B764
7408,6482,6.762958963,764,50100,B764
8334,7408,6.692704584,764,55777,B764
9260,8334,6.587365011,764,60999,B764
,9260,6.381307677,764,65000,B764
463,231,2.390928726,MIH,1107,MI8
926,463,1.746220302,MIH,1617,MI8
1389,926,1.544276458,MIH,2145,MI8
1852,1389,1.427645788,MIH,2644,MI8
,1852,1.290136789,MIH,3584,MI8
463,231,3.306695464,CV5,1531,CVLT
926,463,2.484881210,CV5,2301,CVLT
1389,926,2.239020878,CV5,3110,CVLT
1852,1389,2.092332613,CV5,3875,CVLT
,1852,1.915046796,CV5,5320,CVLT
463,231,16.887688985,772,7819,B772
926,463,11.749460043,772,10880,B772
1389,926,10.748740101,772,14930,B772
1852,1389,10.186825054,772,18866,B772
2778,1852,9.545716343,772,26518,B772
3704,2778,9.174406048,772,33982,B772
4630,3704,8.924406048,772,41320,B772
5556,4630,8.741180706,772,48566,B772
6482,5556,8.599506325,772,55742,B772
7408,6482,8.485556156,772,62861,B772
8334,7408,8.391288697,772,69933,B772
9260,8334,8.311663067,772,76966,B772
10186,9260,8.243275083,772,83966,B772
11112,10186,8.133369330,772,90378,B772
12038,11112,7.988702442,772,96168,B772
12964,12038,7.856602900,772,101853,B772
,12964,7.735061195,772,107440,B772
231,0,16.774891775,77X,3875,B77L
231,0,20.662337662,D1C,4773,DC10
231,0,1.787878788,D38,413,D328
231,0,0.212121212,DHP,49,DHC2
231,0,6.549783550,717,1513,B712
231,0,1.558441558,AT4,360,AT43
231,0,23.844155844,74C,5508,B742
231,0,0.402597403,BH2,93,B429
231,0,0.402597403,BH2,93,B412
231,0,0.402597403,BH2,93,B212
231,0,1.255411255,NDC,290,S601
231,0,9.285714286,ANF,2145,AN12
231,0,18.203463203,343,4205,A343
231,0,1.268398268,SH3,293,SH33
231,0,7.900432900,M87,1825,MD87
231,0,8.593073593,M88,1985,MD88
231,0,19.489177489,74L,4502,B74S
231,0,11.419913420,788,2638,B788
231,0,2.354978355,YS1,544,YS11
231,0,14.835497835,AB4,3427,A30B
231,0,0.922077922,CD2,213,NOMA
231,0,0.666666667,SHS,154,SC7
231,0,12.554112554,763,2900,B763
231,0,6.653679654,LOH,1537,C130
231,0,0.900432900,YN2,208,Y12
231,0,20.428571429,74Y,4719,B744
231,0,7.090909091,D91,1638,DC91
231,0,5.896103896,E95,1362,E195
231,0,100.012987013,SSC,23103,CONC
231,0,5.580086580,141,1289,B461
231,0,5.580086580,141,1289,B461
231,0,1.359307359,J41,314,JS41
231,0,0.190476190,PAG,44,PA46
231,0,5.380952381,AR7,1243,RJ70
231,0,20.147186147,L10,4654,L101
231,0,2.406926407,A40,556,A140
231,0,20.662337662,D1Y,4773,DC10
231,0,6.679653680,SU9,1543,SU95
231,0,1.844155844,AT5,426,AT45
231,0,0.199134199,PN6,46,P68
231,0,20.662337662,M11,4773,MD11
231,0,5.731601732,143,1324,B463
231,0,2.337662338,DH7,540,DHC7
231,0,5.095238095,CRK,1177,CRJX
231,0,19.116883117,74N,4416,B748
231,0,1.069264069,DHC,247,DHC5
231,0,1.069264069,DHC,247,DHC4
231,0,6.679653680,F21,1543,F28
231,0,6.909090909,319,1596,A319
231,0,7.424242424,738,1715,B738
231,0,22.826839827,743,5273,B743
231,0,24.264069264,74T,5605,B741
231,0,2.727272727,YK4,630,YK40
231,0,19.359307359,T20,4472,T204
231,0,24.264069264,74R,5605,B74R
231,0,53.450216450,A4F,12347,A124
231,0,6.415584416,L49,1482,CONI
231,0,1.363636364,EM2,315,E120
231,0,39.774891775,ILW,9188,IL86
231,0,1.164502165,S58,269,S58T
231,0,5.580086580,AR8,1289,RJ85
231,0,11.623376623,762,2685,B762
231,0,2.160173160,ATP,499,ATP
231,0,8.593073593,M82,1985,MD82
231,0,11.376623377,313,2628,A310
231,0,19.627705628,D11,4534,DC10
231,0,1.359307359,SH6,314,SH36
231,0,5.359307359,F70,1238,F70
231,0,3.311688312,CV5,765,CVLT
231,0,8.593073593,M83,1985,MD83
231,0,2.939393939,I14,679,I114
231,0,8.593073593,M81,1985,MD81
231,0,0.428571429,GRG,99,G21
231,0,1.636363636,SF3,378,SF34
231,0,20.428571429,744,4719,B744
231,0,20.428571429,74J,4719,B74D
231,0,24.264069264,741,5605,B741
231,0,0.116883117,CN1,27,C210
231,0,0.116883117,CN1,27,C208
231,0,0.116883117,CN1,27,C206
231,0,0.116883117,CN1,27,C182
231,0,0.116883117,CN1,27,C172
231,0,0.116883117,CN1,27,C162
231,0,0.116883117,CN1,27,C77R
231,0,0.116883117,CN1,27,C72R
231,0,8.242424242,D94,1904,DC94
231,0,7.294372294,734,1685,B734
231,0,1.844155844,CWC,426,C46
231,0,5.580086580,142,1289,B462
231,0,14.696969697,332,3395,A332
231,0,1.709956710,S61,395,S61
231,0,1.069264069,L4T,247,L410
231,0,25.329004329,388,5851,A388
231,0,2.406926407,GRS,556,G159
231,0,8.264069264,321,1909,A321
231,0,2.913419913,FRJ,673,J328
231,0,1.839826840,CNJ,425,C750
231,0,1.839826840,CNJ,425,C680
231,0,1.839826840,CNJ,425,C650
231,0,1.839826840,CNJ,425,C560
231,0,1.839826840,CNJ,425,C550
231,0,1.839826840,CNJ,425,C525
231,0,1.839826840,CNJ,425,C510
231,0,1.839826840,CNJ,425,C500
231,0,1.839826840,CNJ,425,C56X
231,0,1.839826840,CNJ,425,C25C
231,0,1.839826840,CNJ,425,C25B
231,0,1.839826840,CNJ,425,C25A
231,0,2.138528139,F50,494,F50
231,0,2.454545455,HS7,567,A748
231,0,12.761904762,YK2,2948,YK42
231,0,5.731601732,AR1,1324,RJ1H
231,0,1.056277056,CS2,244,C212
231,0,19.359307359,TU5,4472,T154
231,0,3.722943723,D6F,860,DC6
231,0,3.437229437,CR1,794,CRJ1
231,0,0.939393939,S76,217,S76
231,0,6.865800866,73G,1586,B737
231,0,39.658008658,IL7,9161,IL76
231,0,3.380952381,CR2,781,CRJ2
231,0,4.653679654,E70,1075,E170
231,0,5.346320346,A81,1235,A148
231,0,0.982683983,J32,227,JS32
231,0,1.904761905,DH2,440,DH8B
231,0,20.428571429,74E,4719,B744
231,0,19.116883117,74H,4416,B748
231,0,0.372294372,PA2,86,PA31
231,0,7.748917749,B11,1790,BA11
231,0,5.610389610,100,1296,F100
231,0,7.748917749,LOE,1790,L188
231,0,1.878787879,AT7,434,AT72
231,0,9.619047619,SHB,2222,BELF
231,0,0.709956710,PL2,164,PC12
231,0,1.203463203,A28,278,AN28
231,0,1.017316017,D3F,235,DC3
231,0,11.974025974,312,2766,A310
231,0,6.995670996,733,1616,B733
231,0,4.844155844,CR9,1119,CRJ9
231,0,7.238095238,32A,1672,A320
231,0,8.506493506,D95,1965,DC95
231,0,7.675324675,D93,1773,DC93
231,0,13.012987013,TU3,3006,T134
231,0,6.601731602,736,1525,B736
231,0,3.008658009,S20,695,SB20
231,0,7.696969697,732,1778,B732
231,0,0.458874459,BNT,106,TRIS
231,0,0.307359307,BNI,71,BN2P
231,0,15.138528139,333,3497,A333
231,0,2.316017316,DH3,535,DH8C
231,0,18.532467532,703,4281,B703
231,0,20.662337662,M1M,4773,MD11
231,0,19.290043290,345,4456,A345
231,0,1.337662338,BEH,309,B190
231,0,7.714285714,739,1782,B739
231,0,12.424242424,722,2870,B722
231,0,1.787878788,ATR,413,AT76
231,0,1.787878788,ATR,413,AT75
231,0,1.787878788,ATR,413,AT73
231,0,1.787878788,ATR,413,AT46
231,0,11.038961039,721,2550,B721
231,0,6.662337662,735,1539,B735
231,0,4.818181818,E75,1113,E75S/L
231,0,3.458874459,ER4,799,E145
231,0,17.679653680,773,4084,B773
231,0,22.826839827,74D,5273,B743
231,0,2.398268398,MIH,554,MI8
231,0,1.757575758,DH1,406,DH8A
231,0,20.662337662,M1F,4773,MD11
231,0,0.800865801,MU2,185,MU2
231,0,17.874458874,77W,4129,B77W
231,0,7.181818182,D92,1659,DC92
231,0,42.900432900,IL6,9910,IL62
231,0,9.346320346,752,2159,B752
231,0,20.683982684,346,4778,A346
231,0,0.696969697,MD9,161,EXPL
231,0,0.476190476,DHL,110,DHC3
231,0,3.220779221,ERD,744,E135
231,0,0.900432900,DHT,208,DHC6
231,0,1.943722944,WWP,449,WW24
231,0,2.580086580,F27,596,F27
231,0,3.181818182,AN4,735,AN24
231,0,16.489177489,77L,3809,B77L
231,0,1.818181818,LRJ,420,LJ60
231,0,1.818181818,LRJ,420,LJ35
231,0,1.601731602,CS5,370,CN35
231,0,23.844155844,74X,5508,B742
231,0,10.090909091,753,2331,B753
231,0,0.839826840,EMB,194,E110
231,0,5.792207792,E90,1338,E190
231,0,5.792207792,E90,1338,E190
231,0,6.813852814,IL8,1574,IL18
231,0,0.393939394,PL6,91,PC6T
231,0,9.965367965,75F,2302,B752
231,0,7.238095238,M90,1672,MD90
231,0,3.155844156,ER3,729,E135
231,0,3.155844156,ER3,729,E35L
231,0,0.883116883,NDH,204,S65C
231,0,12.826839827,764,2963,B764
231,0,7.238095238,320,1672,A320
231,0,6.441558442,318,1488,A318
231,0,3.476190476,CCJ,803,CL60
231,0,13.502164502,AB6,3119,A306
231,0,0.454545455,NDE,105,AS50
231,0,4.515151515,CR7,1043,CRJ7
231,0,2.982683983,DH4,689,DH8D
231,0,15.978354978,772,3691,B772
231,0,17.194805195,342,3972,A342
231,0,5.346320346,AN7,1235,AN72
231,0,0.281385281,CNT,65,F406
231,0,0.666666667,GRM,154,G73T
231,0,0.554112554,MBH,128,B105
231,0,0.878787879,D28,203,D228
231,0,1.008658009,ND2,233,N262
231,0,0.922077922,J31,213,JS31
231,0,23.844155844,742,5508,B742
